rarity,offering
Common,Annotated Blueprint
Common,Bloodied Blueprint
Common,Clear Reagent
Common,Faint Reagent
Common,Raven Wreath
Common,Shrike Wreath
Common,Spotted Owl Wreath
Common,Tanager Wreath
Common,Torn Blueprint
Common,Vigo's Blueprint
Uncommon,Cypress Memento Mori
Uncommon,Devout Raven Wreath
Uncommon,Devout Shrike Wreath
Uncommon,Devout Spotted Owl Wreath
Uncommon,Devout Tanager Wreath
Uncommon,Hazy Reagent
Uncommon,Hollow Shell
Uncommon,Mouldy Oak
Uncommon,Scratched Coin
Uncommon,Shroud of Separation
Uncommon,Survivor Pudding
Rare,Ardent Raven Wreath
Rare,Ardent Shrike Wreath
Rare,Ardent Spotted Owl Wreath
Rare,Ardent Tanager Wreath
Rare,Azarov's Key
Rare,Bloody Party Streamers
Rare,Charred Wedding Photograph
Rare,Damaged Photo
Rare,Dusty Noose
Rare,Grandma's Cookbook
Rare,Hawkins National Laboratory I.D.
Rare,Heart Locket
Rare,Ivory Memento Mori
Rare,Jigsaw Piece
Rare,MacMillan's Phalanx Bone
Rare,Mary's Letter
Rare,Rotten Oak
Rare,Sacrificial Ward
Rare,Shattered Glasses
Rare,Strode Realty Key
Rare,The Last Mask
Rare,The Pied Piper
Rare,Yamaoka Family Crest
Very Rare,Black Ward
Very Rare,Cut Coin
Very Rare,Murky Reagent
Very Rare,Putrid Oak
Ultra Rare,Ebony Memento Mori